{"option":"alt1","overallGrade":0.5007745027542114,"edgeCrossGrade":0.4298182427883148,"nodeOverlapGrade":0.4216334819793701,"edgeCrossAngGrade":0.7044099569320679,"angResGrade":0.6448413133621216,"edgeLengthGrade":0.3031695485115051,"passedTime":0.0}