{"option":"alt2","overallGrade":0.6220445036888123,"edgeCrossGrade":0.8441915512084961,"nodeOverlapGrade":0.6055368781089783,"edgeCrossAngGrade":0.7217150926589966,"angResGrade":0.7008196711540222,"edgeLengthGrade":0.23795932531356812,"passedTime":0.0}