{"option":"chosenOption","overallGrade":0.5733687877655029,"edgeCrossGrade":0.5393948554992676,"nodeOverlapGrade":0.5993014574050903,"edgeCrossAngGrade":0.6616001129150391,"angResGrade":0.4537024199962616,"edgeLengthGrade":0.6128451824188232,"passedTime":0.4572311043739319}