{"stepNumber":1,"algorithm":"ConeBurst","task":" Task1","edgeCrWeight":0.9455410242080689,"nodeOvWeight":1.0366592407226563,"edgeCrAngWeight":0.9684776663780212,"angResWeight":0.8851431012153626,"edgeLenWeight":1.1641790866851807,"cameraOffset":11}