{"option":"alt2","overallGrade":0.5219739079475403,"edgeCrossGrade":0.408115029335022,"nodeOverlapGrade":0.4634294807910919,"edgeCrossAngGrade":0.7565575838088989,"angResGrade":0.47494855523109438,"edgeLengthGrade":0.5068186521530151,"passedTime":10.465731620788575}