{"option":"alt1","overallGrade":0.5205168128013611,"edgeCrossGrade":0.5219395756721497,"nodeOverlapGrade":0.6352002620697022,"edgeCrossAngGrade":0.7089663147926331,"angResGrade":0.4771767854690552,"edgeLengthGrade":0.2593010663986206,"passedTime":11.3010892868042}