{"option":"chosenOption","overallGrade":0.5759290456771851,"edgeCrossGrade":0.7515912055969238,"nodeOverlapGrade":0.6940310597419739,"edgeCrossAngGrade":0.6883835792541504,"angResGrade":0.5188687443733215,"edgeLengthGrade":0.22677065432071687,"passedTime":8.126615524291993}