{"stepNumber":4,"algorithm":"ForceDirectedAlgorithm","task":" Task2","edgeCrWeight":1.0000724792480469,"nodeOvWeight":1.0000396966934205,"edgeCrAngWeight":0.9999842047691345,"angResWeight":0.9999856352806091,"edgeLenWeight":0.9999178647994995,"cameraOffset":3}