{"option":"alt1","overallGrade":0.4801996648311615,"edgeCrossGrade":0.5220011472702026,"nodeOverlapGrade":0.5176230669021606,"edgeCrossAngGrade":0.7271826863288879,"angResGrade":0.4168148338794708,"edgeLengthGrade":0.21737650036811829,"passedTime":6.195349216461182}