{"option":"alt2","overallGrade":0.5737531781196594,"edgeCrossGrade":0.44459888339042666,"nodeOverlapGrade":0.5830796360969544,"edgeCrossAngGrade":0.7325855493545532,"angResGrade":0.5615350604057312,"edgeLengthGrade":0.546966552734375,"passedTime":2.288605213165283}