{"option":"chosenOption","overallGrade":0.5863879323005676,"edgeCrossGrade":0.8064522743225098,"nodeOverlapGrade":0.6825174689292908,"edgeCrossAngGrade":0.770838737487793,"angResGrade":0.46611860394477847,"edgeLengthGrade":0.2060125470161438,"passedTime":5.408336162567139}