{"stepNumber":16,"algorithm":"ForceDirectedAlgorithm","task":" Task2","edgeCrWeight":1.000177264213562,"nodeOvWeight":1.0001062154769898,"edgeCrAngWeight":0.9999708533287048,"angResWeight":0.9999424815177918,"edgeLenWeight":0.9998035430908203,"cameraOffset":3}