option,overallGrade,edgeCrossGrade,nodeOverlapGrade,edgeCrossAngleGrade,angularResolutionGrade,edgeLengthGrade,passedTime
alt2,0.5196567,0.4077643,0.395711,0.7321882,0.5282991,0.5343205,1.044739
alt2,0.5285811,0.4002499,0.4243589,0.6648255,0.5133637,0.6401074,8.767262
alt2,0.5310189,0.3804051,0.4658197,0.7010931,0.4878009,0.6199757,1.651174

