{"option":"alt1","overallGrade":0.5149309635162354,"edgeCrossGrade":0.4834989011287689,"nodeOverlapGrade":0.3630943298339844,"edgeCrossAngGrade":0.7333130836486816,"angResGrade":0.7409012317657471,"edgeLengthGrade":0.2538471221923828,"passedTime":0.8425500988960266}