{"option":"chosenOption","overallGrade":0.6536629796028137,"edgeCrossGrade":0.8441915512084961,"nodeOverlapGrade":0.6852814555168152,"edgeCrossAngGrade":0.6933672428131104,"angResGrade":0.7151944041252136,"edgeLengthGrade":0.3302803039550781,"passedTime":5.678952693939209}