{"stepNumber":1,"algorithm":"ConeBurst","task":" Task1","edgeCrWeight":1.1058213710784913,"nodeOvWeight":1.0448304414749146,"edgeCrAngWeight":0.9461475610733032,"angResWeight":1.0039722919464112,"edgeLenWeight":0.8992284536361694,"cameraOffset":11}