{"option":"alt1","overallGrade":0.5721326470375061,"edgeCrossGrade":0.7004342675209045,"nodeOverlapGrade":0.7360272407531738,"edgeCrossAngGrade":0.7342132329940796,"angResGrade":0.4508923590183258,"edgeLengthGrade":0.23909606039524079,"passedTime":7.127823829650879}