{"option":"alt2","overallGrade":0.5686467289924622,"edgeCrossGrade":0.44459056854248049,"nodeOverlapGrade":0.5582149624824524,"edgeCrossAngGrade":0.6727343201637268,"angResGrade":0.5301856994628906,"edgeLengthGrade":0.6375081539154053,"passedTime":8.473833084106446}