{"option":"chosenOption","overallGrade":0.49157625436782839,"edgeCrossGrade":0.44459056854248049,"nodeOverlapGrade":0.5606667995452881,"edgeCrossAngGrade":0.7389115691184998,"angResGrade":0.4485074281692505,"edgeLengthGrade":0.26520490646362307,"passedTime":12.078685760498047}