{"stepNumber":12,"algorithm":"ForceDirectedAlgorithm","task":" Task2","edgeCrWeight":1.0001503229141236,"nodeOvWeight":1.0000925064086915,"edgeCrAngWeight":0.9999740719795227,"angResWeight":0.9999542832374573,"edgeLenWeight":0.9998288750648499,"cameraOffset":3}