{"option":"alt2","overallGrade":0.5198361277580261,"edgeCrossGrade":0.44456082582473757,"nodeOverlapGrade":0.3920890986919403,"edgeCrossAngGrade":0.7056609392166138,"angResGrade":0.49959850311279299,"edgeLengthGrade":0.5572711825370789,"passedTime":1.4987958669662476}