{"option":"alt1","overallGrade":0.5149036049842835,"edgeCrossGrade":0.5219564437866211,"nodeOverlapGrade":0.5484558343887329,"edgeCrossAngGrade":0.729195237159729,"angResGrade":0.49034860730171206,"edgeLengthGrade":0.28456196188926699,"passedTime":9.777360916137696}