{"option":"chosenOption","overallGrade":0.5619840025901794,"edgeCrossGrade":0.7516155242919922,"nodeOverlapGrade":0.7207347750663757,"edgeCrossAngGrade":0.6795616149902344,"angResGrade":0.4267786741256714,"edgeLengthGrade":0.23122945427894593,"passedTime":5.075379371643066}