{"stepNumber":6,"algorithm":"ForceDirectedAlgorithm","task":" Task2","edgeCrWeight":1.0001004934310914,"nodeOvWeight":1.000061273574829,"edgeCrAngWeight":0.9999771118164063,"angResWeight":0.9999729990959168,"edgeLenWeight":0.9998879432678223,"cameraOffset":3}