{"option":"alt1","overallGrade":0.5558043122291565,"edgeCrossGrade":0.4824456572532654,"nodeOverlapGrade":0.5460363030433655,"edgeCrossAngGrade":0.6903653144836426,"angResGrade":0.4846166670322418,"edgeLengthGrade":0.5755574107170105,"passedTime":5.676549434661865}