{"option":"alt2","overallGrade":0.4751097857952118,"edgeCrossGrade":0.4824456572532654,"nodeOverlapGrade":0.546036422252655,"edgeCrossAngGrade":0.6668456792831421,"angResGrade":0.4735803008079529,"edgeLengthGrade":0.20664085447788239,"passedTime":9.306206703186036}