{"option":"chosenOption","overallGrade":0.5653735399246216,"edgeCrossGrade":0.7003785371780396,"nodeOverlapGrade":0.6940364837646484,"edgeCrossAngGrade":0.7096147537231445,"angResGrade":0.46430113911628725,"edgeLengthGrade":0.25853678584098818,"passedTime":2.85476016998291}