{"stepNumber":5,"algorithm":"ForceDirectedAlgorithm","task":" Task2","edgeCrWeight":1.0000852346420289,"nodeOvWeight":1.000047206878662,"edgeCrAngWeight":0.9999827742576599,"angResWeight":0.9999806880950928,"edgeLenWeight":0.9999039769172669,"cameraOffset":3}