{"option":"alt2","overallGrade":0.5605282187461853,"edgeCrossGrade":0.4081602096557617,"nodeOverlapGrade":0.41871458292007449,"edgeCrossAngGrade":0.7628665566444397,"angResGrade":0.5159109830856323,"edgeLengthGrade":0.6969887018203735,"passedTime":12.158133506774903}