{"option":"alt1","overallGrade":0.5139405727386475,"edgeCrossGrade":0.563302218914032,"nodeOverlapGrade":0.5730426907539368,"edgeCrossAngGrade":0.6462292075157166,"angResGrade":0.5171232223510742,"edgeLengthGrade":0.27000540494918826,"passedTime":5.653314113616943}