{"option":"chosenOption","overallGrade":0.5865588784217835,"edgeCrossGrade":0.8064464926719666,"nodeOverlapGrade":0.668305516242981,"edgeCrossAngGrade":0.7078758478164673,"angResGrade":0.4509263336658478,"edgeLengthGrade":0.2992400527000427,"passedTime":19.05603790283203}