{"stepNumber":15,"algorithm":"ForceDirectedAlgorithm","task":" Task2","edgeCrWeight":1.0001708269119263,"nodeOvWeight":1.0001044273376465,"edgeCrAngWeight":0.9999712109565735,"angResWeight":0.9999443292617798,"edgeLenWeight":0.9998090863227844,"cameraOffset":3}