{"option":"alt2","overallGrade":0.5018123388290405,"edgeCrossGrade":0.37305936217308047,"nodeOverlapGrade":0.4083923101425171,"edgeCrossAngGrade":0.6796021461486816,"angResGrade":0.5525514483451843,"edgeLengthGrade":0.4954565465450287,"passedTime":4.120035171508789}