{"option":"alt1","overallGrade":0.6056256890296936,"edgeCrossGrade":0.8064662218093872,"nodeOverlapGrade":0.7238080501556397,"edgeCrossAngGrade":0.7638188004493713,"angResGrade":0.4480569362640381,"edgeLengthGrade":0.28597843647003176,"passedTime":4.108919620513916}