{"option":"chosenOption","overallGrade":0.49106380343437197,"edgeCrossGrade":0.5633159279823303,"nodeOverlapGrade":0.5270018577575684,"edgeCrossAngGrade":0.6583560109138489,"angResGrade":0.43591171503067019,"edgeLengthGrade":0.2707335948944092,"passedTime":5.37714147567749}