{"stepNumber":20,"algorithm":"ForceDirectedAlgorithm","task":" Task2","edgeCrWeight":1.0001885890960694,"nodeOvWeight":1.0001122951507569,"edgeCrAngWeight":0.9999692440032959,"angResWeight":0.9999383687973023,"edgeLenWeight":0.9997915029525757,"cameraOffset":3}