{"option":"alt1","overallGrade":0.5411571860313416,"edgeCrossGrade":0.44453465938568118,"nodeOverlapGrade":0.4878140389919281,"edgeCrossAngGrade":0.7371326684951782,"angResGrade":0.4987272322177887,"edgeLengthGrade":0.537577211856842,"passedTime":3.3331711292266847}