{"option":"alt2","overallGrade":0.49722760915756228,"edgeCrossGrade":0.5219257473945618,"nodeOverlapGrade":0.5412123203277588,"edgeCrossAngGrade":0.6931443810462952,"angResGrade":0.4657094180583954,"edgeLengthGrade":0.2641461193561554,"passedTime":4.24965238571167}