{"option":"chosenOption","overallGrade":0.5806106925010681,"edgeCrossGrade":0.8063357472419739,"nodeOverlapGrade":0.6795918941497803,"edgeCrossAngGrade":0.7277715802192688,"angResGrade":0.4709598422050476,"edgeLengthGrade":0.21839436888694764,"passedTime":7.215752601623535}