{"stepNumber":2,"algorithm":"ForceDirectedAlgorithm","task":" Task2","edgeCrWeight":1.0000536441802979,"nodeOvWeight":1.0000238418579102,"edgeCrAngWeight":0.9999907612800598,"angResWeight":0.9999819993972778,"edgeLenWeight":0.99994957447052,"cameraOffset":3}