{"option":"alt1","overallGrade":0.5709723234176636,"edgeCrossGrade":0.7515917420387268,"nodeOverlapGrade":0.729834794998169,"edgeCrossAngGrade":0.6852304935455322,"angResGrade":0.471595823764801,"edgeLengthGrade":0.21660856902599336,"passedTime":10.52334976196289}