{"option":"alt2","overallGrade":0.5658474564552307,"edgeCrossGrade":0.44454678893089297,"nodeOverlapGrade":0.45906391739845278,"edgeCrossAngGrade":0.7729637026786804,"angResGrade":0.5116247534751892,"edgeLengthGrade":0.6410380005836487,"passedTime":3.858304738998413}