{"option":"chosenOption","overallGrade":0.4999375343322754,"edgeCrossGrade":0.5219399929046631,"nodeOverlapGrade":0.613914430141449,"edgeCrossAngGrade":0.6794282793998718,"angResGrade":0.4717940390110016,"edgeLengthGrade":0.21261078119277955,"passedTime":9.150776863098145}