{"stepNumber":3,"algorithm":"ForceDirectedAlgorithm","task":" Task2","edgeCrWeight":1.0000529289245606,"nodeOvWeight":1.0000320672988892,"edgeCrAngWeight":0.9999925494194031,"angResWeight":0.9999865889549255,"edgeLenWeight":0.9999356865882874,"cameraOffset":3}