{"option":"alt2","overallGrade":0.5004670023918152,"edgeCrossGrade":0.47530218958854678,"nodeOverlapGrade":0.4405354857444763,"edgeCrossAngGrade":0.666475772857666,"angResGrade":0.647402822971344,"edgeLengthGrade":0.27261868119239809,"passedTime":84.37391662597656}