{"option":"alt1","overallGrade":0.5915041565895081,"edgeCrossGrade":0.6283807158470154,"nodeOverlapGrade":0.6765634417533875,"edgeCrossAngGrade":0.6942657828330994,"angResGrade":0.4171659052371979,"edgeLengthGrade":0.5411450266838074,"passedTime":2.425417900085449}