{"option":"chosenOption","overallGrade":0.6333281397819519,"edgeCrossGrade":0.9335250854492188,"nodeOverlapGrade":0.6326833367347717,"edgeCrossAngGrade":0.6828489899635315,"angResGrade":0.7036035060882568,"edgeLengthGrade":0.2139797955751419,"passedTime":120.48788452148438}