{"stepNumber":2,"algorithm":"ConeBurst","task":" Task1","edgeCrWeight":1.1873682737350464,"nodeOvWeight":1.0166494846343995,"edgeCrAngWeight":0.9341809153556824,"angResWeight":1.0402055978775025,"edgeLenWeight":0.8215959668159485,"cameraOffset":11}