{"option":"alt1","overallGrade":0.49600914120674136,"edgeCrossGrade":0.40816888213157656,"nodeOverlapGrade":0.590692400932312,"edgeCrossAngGrade":0.7240793704986572,"angResGrade":0.4886714816093445,"edgeLengthGrade":0.26843366026878359,"passedTime":10.527079582214356}