{"option":"alt2","overallGrade":0.5451215505599976,"edgeCrossGrade":0.52200847864151,"nodeOverlapGrade":0.4270671308040619,"edgeCrossAngGrade":0.7542041540145874,"angResGrade":0.5191136598587036,"edgeLengthGrade":0.5032143592834473,"passedTime":2.5771987438201906}