{"option":"chosenOption","overallGrade":0.5704179406166077,"edgeCrossGrade":0.7004572153091431,"nodeOverlapGrade":0.6768050789833069,"edgeCrossAngGrade":0.7093026638031006,"angResGrade":0.5304968953132629,"edgeLengthGrade":0.23502784967422486,"passedTime":6.619140148162842}