{"stepNumber":19,"algorithm":"ForceDirectedAlgorithm","task":" Task2","edgeCrWeight":1.0001881122589112,"nodeOvWeight":1.0001119375228882,"edgeCrAngWeight":0.9999693036079407,"angResWeight":0.999938428401947,"edgeLenWeight":0.9997924566268921,"cameraOffset":3}