option,overallGrade,edgeCrossGrade,nodeOverlapGrade,edgeCrossAngleGrade,angularResolutionGrade,edgeLengthGrade,passedTime
alt1,0.556325,0.6147108,0.4574458,0.7032151,0.5426773,0.463576,1.415246
alt1,0.5414893,0.5851274,0.4876322,0.6858705,0.5263728,0.4224434,1.027847

