option,overallGrade,edgeCrossGrade,nodeOverlapGrade,edgeCrossAngleGrade,angularResolutionGrade,edgeLengthGrade,passedTime
chosenOption,0.6399404,0.8169374,0.6139723,0.6883406,0.6799089,0.4005428,2.144961
chosenOption,0.6535408,0.8888369,0.6348112,0.6864781,0.6676099,0.3899677,3.613061
chosenOption,0.6475181,0.9026995,0.6400563,0.6514087,0.6812462,0.3621799,2.141318
chosenOption,0.6413141,0.7913603,0.6469461,0.6730543,0.4763174,0.6188924,1.754346
chosenOption,0.6216807,0.9317707,0.6924849,0.6580051,0.5638484,0.2622943,1.229223
chosenOption,0.6156945,0.8358965,0.5944461,0.6622285,0.4420459,0.5438557,1.687966

