userID,stepNumber,algorithm,task,edgeCrossingWeight,nodeOverlappingWeight,edgeCrossingAngleWeight,angularResolutionWeight,edgeLengthWeight,cameraOffset
15,1,ConeBurst, Task2,1.051706,1.021281,0.9694105,1.00606,0.9515433,10
15,2,ConeBurst, Task2,1.10498,1.042484,0.9463465,1.001967,0.9042228,10
15,3,ConeBurst, Task2,1.152609,1.066823,0.9177395,1.010359,0.8524694,10
15,4,ConeBurst, Task2,1.160174,1.080499,0.9056296,0.9556519,0.8980457,10
15,5,ConeBurst, Task2,1.217476,1.105752,0.8874203,0.9361892,0.8531625,10
15,6,ConeBurst, Task2,1.229068,1.113284,0.8774456,0.8816581,0.8985447,10

