{"option":"alt1","overallGrade":0.5127026438713074,"edgeCrossGrade":0.5632867217063904,"nodeOverlapGrade":0.5680605173110962,"edgeCrossAngGrade":0.6848480105400086,"angResGrade":0.45632749795913699,"edgeLengthGrade":0.29099059104919436,"passedTime":11.14303207397461}