{"option":"alt2","overallGrade":0.522027850151062,"edgeCrossGrade":0.48247644305229189,"nodeOverlapGrade":0.47224336862564089,"edgeCrossAngGrade":0.6882010102272034,"angResGrade":0.4814300537109375,"edgeLengthGrade":0.48578840494155886,"passedTime":6.918826103210449}