{"option":"chosenOption","overallGrade":0.5685186386108398,"edgeCrossGrade":0.7004231810569763,"nodeOverlapGrade":0.6739444136619568,"edgeCrossAngGrade":0.743833065032959,"angResGrade":0.47614073753356936,"edgeLengthGrade":0.24825170636177064,"passedTime":12.20464038848877}