{"stepNumber":10,"algorithm":"ForceDirectedAlgorithm","task":" Task2","edgeCrWeight":1.000141978263855,"nodeOvWeight":1.0000865459442139,"edgeCrAngWeight":0.9999724626541138,"angResWeight":0.9999576807022095,"edgeLenWeight":0.9998415112495422,"cameraOffset":3}