{"option":"alt2","overallGrade":0.5169755220413208,"edgeCrossGrade":0.4824983477592468,"nodeOverlapGrade":0.45044341683387759,"edgeCrossAngGrade":0.6373244524002075,"angResGrade":0.5190020799636841,"edgeLengthGrade":0.49560925364494326,"passedTime":0.0}