{"option":"alt1","overallGrade":0.5018444061279297,"edgeCrossGrade":0.5633123517036438,"nodeOverlapGrade":0.5106617212295532,"edgeCrossAngGrade":0.7346292734146118,"angResGrade":0.4718376398086548,"edgeLengthGrade":0.2287810742855072,"passedTime":12.516448974609375}