{"option":"chosenOption","overallGrade":0.5711387991905212,"edgeCrossGrade":0.7516880035400391,"nodeOverlapGrade":0.6626993417739868,"edgeCrossAngGrade":0.7873408794403076,"angResGrade":0.43632543087005618,"edgeLengthGrade":0.21764010190963746,"passedTime":18.40270233154297}