{"stepNumber":18,"algorithm":"ForceDirectedAlgorithm","task":" Task2","edgeCrWeight":1.0001848936080933,"nodeOvWeight":1.0001097917556763,"edgeCrAngWeight":0.9999706745147705,"angResWeight":0.9999387860298157,"edgeLenWeight":0.9997959136962891,"cameraOffset":3}