{"option":"alt1","overallGrade":0.5325901508331299,"edgeCrossGrade":0.48247918486595156,"nodeOverlapGrade":0.3941230773925781,"edgeCrossAngGrade":0.7302175760269165,"angResGrade":0.4889780580997467,"edgeLengthGrade":0.5671528577804565,"passedTime":12.084322929382325}