{"option":"alt2","overallGrade":0.5134669542312622,"edgeCrossGrade":0.5219860672950745,"nodeOverlapGrade":0.5582114458084106,"edgeCrossAngGrade":0.699667751789093,"angResGrade":0.4750521779060364,"edgeLengthGrade":0.31241750717163088,"passedTime":7.140571594238281}