{"option":"chosenOption","overallGrade":0.5747529864311218,"edgeCrossGrade":0.8064290285110474,"nodeOverlapGrade":0.6825052499771118,"edgeCrossAngGrade":0.7032405734062195,"angResGrade":0.4169311821460724,"edgeLengthGrade":0.2646591067314148,"passedTime":22.188495635986329}