{"stepNumber":11,"algorithm":"ForceDirectedAlgorithm","task":" Task2","edgeCrWeight":1.0001521110534669,"nodeOvWeight":1.0000927448272706,"edgeCrAngWeight":0.9999698996543884,"angResWeight":0.9999529719352722,"edgeLenWeight":0.9998323321342468,"cameraOffset":3}