{"option":"alt2","overallGrade":0.5046032667160034,"edgeCrossGrade":0.5632666349411011,"nodeOverlapGrade":0.5484635829925537,"edgeCrossAngGrade":0.6748537421226502,"angResGrade":0.482827365398407,"edgeLengthGrade":0.2536049485206604,"passedTime":6.351308822631836}