{"option":"alt1","overallGrade":0.5238578915596008,"edgeCrossGrade":0.44456762075424197,"nodeOverlapGrade":0.5199344158172607,"edgeCrossAngGrade":0.646648645401001,"angResGrade":0.4962642192840576,"edgeLengthGrade":0.5118744373321533,"passedTime":6.805220603942871}