{"option":"chosenOption","overallGrade":0.5604905486106873,"edgeCrossGrade":0.7003981471061707,"nodeOverlapGrade":0.6796247363090515,"edgeCrossAngGrade":0.6956361532211304,"angResGrade":0.48036977648735049,"edgeLengthGrade":0.24642376601696015,"passedTime":9.62739372253418}