{"stepNumber":7,"algorithm":"ForceDirectedAlgorithm","task":" Task2","edgeCrWeight":1.0001097917556763,"nodeOvWeight":1.0000673532485963,"edgeCrAngWeight":0.999976396560669,"angResWeight":0.9999696016311646,"edgeLenWeight":0.9998766779899597,"cameraOffset":3}