{"option":"alt1","overallGrade":0.49741894006729128,"edgeCrossGrade":0.5219119787216187,"nodeOverlapGrade":0.5855469703674316,"edgeCrossAngGrade":0.6914660930633545,"angResGrade":0.4489225149154663,"edgeLengthGrade":0.23924720287322999,"passedTime":9.54078197479248}