{"option":"alt2","overallGrade":0.557647168636322,"edgeCrossGrade":0.4445229470729828,"nodeOverlapGrade":0.5082991123199463,"edgeCrossAngGrade":0.7448674440383911,"angResGrade":0.4864511489868164,"edgeLengthGrade":0.6040952205657959,"passedTime":2.4329721927642824}