{"option":"chosenOption","overallGrade":0.5683190822601318,"edgeCrossGrade":0.7515514492988586,"nodeOverlapGrade":0.6998580098152161,"edgeCrossAngGrade":0.7232697010040283,"angResGrade":0.41911619901657107,"edgeLengthGrade":0.24779999256134034,"passedTime":7.0845417976379398}