{"stepNumber":1,"algorithm":"ForceDirectedAlgorithm","task":" Task2","edgeCrWeight":1.0000263452529908,"nodeOvWeight":1.000012993812561,"edgeCrAngWeight":0.9999958276748657,"angResWeight":0.9999895691871643,"edgeLenWeight":0.9999750256538391,"cameraOffset":3}