{"option":"alt2","overallGrade":0.5124772787094116,"edgeCrossGrade":0.5219904184341431,"nodeOverlapGrade":0.531718909740448,"edgeCrossAngGrade":0.7518931031227112,"angResGrade":0.48047831654548647,"edgeLengthGrade":0.27630558609962466,"passedTime":4.465394496917725}