{"option":"alt1","overallGrade":0.5599701404571533,"edgeCrossGrade":0.5219904184341431,"nodeOverlapGrade":0.49236416816711428,"edgeCrossAngGrade":0.6509405970573425,"angResGrade":0.5047375559806824,"edgeLengthGrade":0.6298179626464844,"passedTime":6.7516984939575199}