{"option":"chosenOption","overallGrade":0.5925655364990234,"edgeCrossGrade":0.751664400100708,"nodeOverlapGrade":0.729884922504425,"edgeCrossAngGrade":0.7591996192932129,"angResGrade":0.4378335177898407,"edgeLengthGrade":0.2842451333999634,"passedTime":4.648634910583496}