{"stepNumber":13,"algorithm":"ForceDirectedAlgorithm","task":" Task2","edgeCrWeight":1.0001559257507325,"nodeOvWeight":1.0000977516174317,"edgeCrAngWeight":0.9999740719795227,"angResWeight":0.9999505877494812,"edgeLenWeight":0.9998214244842529,"cameraOffset":3}