{"option":"alt1","overallGrade":0.528130054473877,"edgeCrossGrade":0.48248592019081118,"nodeOverlapGrade":0.6165887117385864,"edgeCrossAngGrade":0.7462571263313294,"angResGrade":0.487106055021286,"edgeLengthGrade":0.30821242928504946,"passedTime":8.463817596435547}