{"option":"alt2","overallGrade":0.5636649131774902,"edgeCrossGrade":0.5219933390617371,"nodeOverlapGrade":0.4022476375102997,"edgeCrossAngGrade":0.7281532883644104,"angResGrade":0.5408077836036682,"edgeLengthGrade":0.6251222491264343,"passedTime":2.0642714500427248}