{"option":"chosenOption","overallGrade":0.5863391757011414,"edgeCrossGrade":0.8064402341842651,"nodeOverlapGrade":0.6683032512664795,"edgeCrossAngGrade":0.7198265194892883,"angResGrade":0.44147366285324099,"edgeLengthGrade":0.29565197229385378,"passedTime":2.0763418674468996}