{"stepNumber":14,"algorithm":"ForceDirectedAlgorithm","task":" Task2","edgeCrWeight":1.0001636743545533,"nodeOvWeight":1.0001012086868287,"edgeCrAngWeight":0.999972403049469,"angResWeight":0.9999473094940186,"edgeLenWeight":0.9998152256011963,"cameraOffset":3}