{"option":"alt1","overallGrade":0.5174049139022827,"edgeCrossGrade":0.3391381502151489,"nodeOverlapGrade":0.46344876289367678,"edgeCrossAngGrade":0.6987058520317078,"angResGrade":0.5365528464317322,"edgeLengthGrade":0.549178957939148,"passedTime":6.748053073883057}