{"option":"alt2","overallGrade":0.5227867960929871,"edgeCrossGrade":0.5632797479629517,"nodeOverlapGrade":0.5631150007247925,"edgeCrossAngGrade":0.7137326598167419,"angResGrade":0.5136619210243225,"edgeLengthGrade":0.2601446807384491,"passedTime":3.7246150970458986}