{"option":"chosenOption","overallGrade":0.5720962285995483,"edgeCrossGrade":0.7516445517539978,"nodeOverlapGrade":0.7360130548477173,"edgeCrossAngGrade":0.7166687250137329,"angResGrade":0.418462336063385,"edgeLengthGrade":0.23769256472587586,"passedTime":9.800728797912598}