{"stepNumber":9,"algorithm":"ForceDirectedAlgorithm","task":" Task2","edgeCrWeight":1.0001362562179566,"nodeOvWeight":1.0000818967819214,"edgeCrAngWeight":0.9999721646308899,"angResWeight":0.9999595880508423,"edgeLenWeight":0.9998500943183899,"cameraOffset":3}