{"option":"alt2","overallGrade":0.5058506727218628,"edgeCrossGrade":0.5220044851303101,"nodeOverlapGrade":0.6061305999755859,"edgeCrossAngGrade":0.6209869384765625,"angResGrade":0.5235657691955566,"edgeLengthGrade":0.2565658688545227,"passedTime":6.792725563049316}