{"option":"alt1","overallGrade":0.5345516800880432,"edgeCrossGrade":0.44460174441337588,"nodeOverlapGrade":0.5680743455886841,"edgeCrossAngGrade":0.663065493106842,"angResGrade":0.43398308753967287,"edgeLengthGrade":0.5630338191986084,"passedTime":9.499234199523926}