{"option":"chosenOption","overallGrade":0.5746042728424072,"edgeCrossGrade":0.7516846656799316,"nodeOverlapGrade":0.702874481678009,"edgeCrossAngGrade":0.6528477072715759,"angResGrade":0.47087231278419497,"edgeLengthGrade":0.2947423756122589,"passedTime":12.58259391784668}