{"stepNumber":17,"algorithm":"ForceDirectedAlgorithm","task":" Task2","edgeCrWeight":1.0001816749572755,"nodeOvWeight":1.0001074075698853,"edgeCrAngWeight":0.9999698400497437,"angResWeight":0.9999410510063171,"edgeLenWeight":0.9997998476028442,"cameraOffset":3}