{"option":"alt1","overallGrade":0.5176711678504944,"edgeCrossGrade":0.5219692587852478,"nodeOverlapGrade":0.5830580592155457,"edgeCrossAngGrade":0.7035963535308838,"angResGrade":0.46945640444755556,"edgeLengthGrade":0.3102756142616272,"passedTime":11.738530158996582}