{"option":"alt2","overallGrade":0.5677153468132019,"edgeCrossGrade":0.44457176327705386,"nodeOverlapGrade":0.4418524205684662,"edgeCrossAngGrade":0.7242951989173889,"angResGrade":0.5619720220565796,"edgeLengthGrade":0.6658852100372315,"passedTime":2.6762123107910158}