{"option":"chosenOption","overallGrade":0.5579034686088562,"edgeCrossGrade":0.7516339421272278,"nodeOverlapGrade":0.6379241347312927,"edgeCrossAngGrade":0.6886720657348633,"angResGrade":0.4914884865283966,"edgeLengthGrade":0.21979857981204987,"passedTime":6.925127983093262}