{"stepNumber":8,"algorithm":"ForceDirectedAlgorithm","task":" Task2","edgeCrWeight":1.0001238584518433,"nodeOvWeight":1.0000734329223633,"edgeCrAngWeight":0.9999741911888123,"angResWeight":0.9999674558639526,"edgeLenWeight":0.9998610019683838,"cameraOffset":3}