option,overallGrade,edgeCrossGrade,nodeOverlapGrade,edgeCrossAngleGrade,angularResolutionGrade,edgeLengthGrade,passedTime
chosenOption,0.5983169,0.647325,0.5859981,0.7371491,0.6875461,0.3335664,8.641812
chosenOption,0.5947639,0.7419898,0.5789776,0.7455468,0.6338138,0.2734917,2.235859
chosenOption,0.5962196,0.736746,0.6515422,0.6813037,0.5230271,0.3884789,5.465278
chosenOption,0.5767542,0.7205735,0.5899326,0.6313315,0.6439744,0.297959,1.852081
chosenOption,0.6240904,0.8304985,0.6279222,0.6736966,0.473704,0.5146303,4.272707

